{
    "name": "root",
    "gauges": {
        "Robot.Policy.Entropy.mean": {
            "value": 1.376227617263794,
            "min": 1.3508152961730957,
            "max": 1.4181326627731323,
            "count": 162
        },
        "Robot.Policy.Entropy.sum": {
            "value": 41314.3515625,
            "min": 39445.36328125,
            "max": 42560.99609375,
            "count": 162
        },
        "Robot.Environment.EpisodeLength.mean": {
            "value": 257.7931034482759,
            "min": 2.3504187604690117,
            "max": 274.04761904761904,
            "count": 162
        },
        "Robot.Environment.EpisodeLength.sum": {
            "value": 29904.0,
            "min": 21048.0,
            "max": 31026.0,
            "count": 162
        },
        "Robot.Step.mean": {
            "value": 4859817.0,
            "min": 29995.0,
            "max": 4859817.0,
            "count": 162
        },
        "Robot.Step.sum": {
            "value": 4859817.0,
            "min": 29995.0,
            "max": 4859817.0,
            "count": 162
        },
        "Robot.Policy.ExtrinsicValueEstimate.mean": {
            "value": 84.03323364257812,
            "min": 0.35237762331962585,
            "max": 86.75155639648438,
            "count": 162
        },
        "Robot.Policy.ExtrinsicValueEstimate.sum": {
            "value": 9663.822265625,
            "min": 3155.189208984375,
            "max": 29480.705078125,
            "count": 162
        },
        "Robot.Environment.CumulativeReward.mean": {
            "value": 211.275699855452,
            "min": 2.7243914623291916,
            "max": 222.4894690292853,
            "count": 162
        },
        "Robot.Environment.CumulativeReward.sum": {
            "value": 24296.70548337698,
            "min": 23521.43878054619,
            "max": 31984.533482044935,
            "count": 162
        },
        "Robot.Policy.ExtrinsicReward.mean": {
            "value": 211.275699855452,
            "min": 2.7243914623291916,
            "max": 222.4894690292853,
            "count": 162
        },
        "Robot.Policy.ExtrinsicReward.sum": {
            "value": 24296.70548337698,
            "min": 23521.43878054619,
            "max": 31984.533482044935,
            "count": 162
        },
        "Robot.Losses.PolicyLoss.mean": {
            "value": 0.012837233163493996,
            "min": 0.010439376901679983,
            "max": 0.024179866816848517,
            "count": 162
        },
        "Robot.Losses.PolicyLoss.sum": {
            "value": 0.012837233163493996,
            "min": 0.010439376901679983,
            "max": 0.04381019104233322,
            "count": 162
        },
        "Robot.Losses.ValueLoss.mean": {
            "value": 275.5488774617513,
            "min": 5.677686182657878,
            "max": 330.90021057128905,
            "count": 162
        },
        "Robot.Losses.ValueLoss.sum": {
            "value": 275.5488774617513,
            "min": 5.677686182657878,
            "max": 654.5542989095052,
            "count": 162
        },
        "Robot.Policy.LearningRate.mean": {
            "value": 0.00015475120841627998,
            "min": 0.00015475120841627998,
            "max": 0.00029938554020481994,
            "count": 162
        },
        "Robot.Policy.LearningRate.sum": {
            "value": 0.00015475120841627998,
            "min": 0.00015475120841627998,
            "max": 0.0005956982714339099,
            "count": 162
        },
        "Robot.Policy.Epsilon.mean": {
            "value": 0.15158371999999998,
            "min": 0.15158371999999998,
            "max": 0.19979518,
            "count": 162
        },
        "Robot.Policy.Epsilon.sum": {
            "value": 0.15158371999999998,
            "min": 0.15158371999999998,
            "max": 0.39856609,
            "count": 162
        },
        "Robot.Policy.Beta.mean": {
            "value": 0.0025840276280000006,
            "min": 0.0025840276280000006,
            "max": 0.0049897794819999996,
            "count": 162
        },
        "Robot.Policy.Beta.sum": {
            "value": 0.0025840276280000006,
            "min": 0.0025840276280000006,
            "max": 0.009928447891000001,
            "count": 162
        },
        "Robot.IsTraining.mean": {
            "value": 1.0,
            "min": 1.0,
            "max": 1.0,
            "count": 162
        },
        "Robot.IsTraining.sum": {
            "value": 1.0,
            "min": 1.0,
            "max": 1.0,
            "count": 162
        }
    },
    "metadata": {
        "timer_format_version": "0.1.0",
        "start_time_seconds": "1717268507",
        "python_version": "3.8.10 (default, Nov 22 2023, 10:22:35) \n[GCC 9.4.0]",
        "command_line_arguments": "/home/ubuntu/ml-venv/ml-venv/bin/mlagents-learn config/ppo/Robot.yaml --run-id=Robot10",
        "mlagents_version": "0.28.0",
        "mlagents_envs_version": "0.28.0",
        "communication_protocol_version": "1.5.0",
        "pytorch_version": "1.8.1+cu111",
        "numpy_version": "1.20.0",
        "end_time_seconds": "1717290516"
    },
    "total": 22009.462447435,
    "count": 1,
    "self": 10.001938747009262,
    "children": {
        "run_training.setup": {
            "total": 0.006812102990807034,
            "count": 1,
            "self": 0.006812102990807034
        },
        "TrainerController.start_learning": {
            "total": 21999.453696585,
            "count": 1,
            "self": 11.39606850502605,
            "children": {
                "TrainerController._reset_env": {
                    "total": 5.495061196997995,
                    "count": 1,
                    "self": 5.495061196997995
                },
                "TrainerController.advance": {
                    "total": 21982.51422082298,
                    "count": 1243360,
                    "self": 9.677112966164714,
                    "children": {
                        "env_step": {
                            "total": 21560.39522751476,
                            "count": 1243360,
                            "self": 20483.000860010827,
                            "children": {
                                "SubprocessEnvManager._take_step": {
                                    "total": 1070.3915656981553,
                                    "count": 1243360,
                                    "self": 33.31540817178029,
                                    "children": {
                                        "TorchPolicy.evaluate": {
                                            "total": 1037.076157526375,
                                            "count": 1216285,
                                            "self": 635.1368200562865,
                                            "children": {
                                                "TorchPolicy.sample_actions": {
                                                    "total": 401.9393374700885,
                                                    "count": 1216285,
                                                    "self": 401.9393374700885
                                                }
                                            }
                                        }
                                    }
                                },
                                "workers": {
                                    "total": 7.00280180577829,
                                    "count": 1243359,
                                    "self": 0.0,
                                    "children": {
                                        "worker_root": {
                                            "total": 21985.948983711103,
                                            "count": 1243359,
                                            "is_parallel": true,
                                            "self": 1956.7529724679625,