{
    "name": "root",
    "metadata": {
        "timer_format_version": "0.1.0",
        "start_time_seconds": "1716869251",
        "python_version": "3.8.10 (default, Nov 22 2023, 10:22:35) \n[GCC 9.4.0]",
        "command_line_arguments": "/home/ubuntu/ml-venv/ml-venv/bin/mlagents-learn config/ppo/Robot.yaml --run-id=Robot01",
        "mlagents_version": "0.28.0",
        "mlagents_envs_version": "0.28.0",
        "communication_protocol_version": "1.5.0",
        "pytorch_version": "1.8.1+cu111",
        "numpy_version": "1.20.0",
        "end_time_seconds": "1716869328"
    },
    "total": 76.30252242200004,
    "count": 1,
    "self": 0.001958464999916032,
    "children": {
        "run_training.setup": {
            "total": 0.007090781000442803,
            "count": 1,
            "self": 0.007090781000442803
        },
        "TrainerController.start_learning": {
            "total": 76.29347317599968,
            "count": 1,
            "self": 0.0008446350038866512,
            "children": {
                "TrainerController._reset_env": {
                    "total": 6.017558405001182,
                    "count": 1,
                    "self": 6.017558405001182
                },
                "TrainerController.advance": {
                    "total": 70.2309241879957,
                    "count": 56,
                    "self": 0.0006447200175898615,
                    "children": {
                        "env_step": {
                            "total": 70.22947932498573,
                            "count": 56,
                            "self": 70.02688042797672,
                            "children": {
                                "SubprocessEnvManager._take_step": {
                                    "total": 0.2022346440135152,
                                    "count": 56,
                                    "self": 0.0021623270040436182,
                                    "children": {
                                        "TorchPolicy.evaluate": {
                                            "total": 0.2000723170094716,
                                            "count": 56,
                                            "self": 0.011258647009526612,
                                            "children": {
                                                "TorchPolicy.sample_actions": {
                                                    "total": 0.18881366999994498,
                                                    "count": 56,
                                                    "self": 0.18881366999994498
                                                }
                                            }
                                        }
                                    }
                                },
                                "workers": {
                                    "total": 0.0003642529954959173,
                                    "count": 55,
                                    "self": 0.0,
                                    "children": {
                                        "worker_root": {
                                            "total": 15.968251346996112,
                                            "count": 55,
                                            "is_parallel": true,
                                            "self": 6.758675594999659,
                                            "children": {
                                                "run_training.setup": {
                                                    "total": 0.0,
                                                    "count": 0,
                                                    "is_parallel": true,
                                                    "self": 0.0,
                                                    "children": {
                                                        "steps_from_proto": {
                                                            "total": 0.0004096100019523874,
                                                            "count": 1,
                                                            "is_parallel": true,
                                                            "self": 0.00016846300422912464,
                                                            "children": {
                                                                "_process_rank_one_or_two_observation": {
                                                                    "total": 0.00024114699772326276,
                                                                    "count": 2,
                                                                    "is_parallel": true,
                                                                    "self": 0.00024114699772326276
                                                                }
                                                            }
                                                        },
                                                        "UnityEnvironment.step": {
                                                            "total": 0.4985561389985378,
                                                            "count": 1,
                                                            "is_parallel": true,
                                                            "self": 7.531599840149283e-05,
                                                            "children": {
                                                                "UnityEnvironment._generate_step_input": {
                                                                    "total": 0.00013389199739322066,
                                                                    "count": 1,
                                                                    "is_parallel": true,
                                                                    "self": 0.00013389199739322066
                                                                },
                                                                "communicator.exchange": {
                                                                    "total": 0.49818503400092595,
                                                                    "count": 1,
                                                                    "is_parallel": true,
                                                                    "self": 0.49818503400092595
                                                                },
                                                                "steps_from_proto": {
                                                                    "total": 0.00016189700181712396,
                                                                    "count": 1,
                                                                    "is_parallel": true,
                                                                    "self": 6.283100083237514e-05,
                                                                    "children": {
                                                                        "_process_rank_one_or_two_observation": {
                                                                            "total": 9.906600098474883e-05,
                                                                            "count": 2,
                                                                            "is_parallel": true,