{
    "name": "root",
    "gauges": {
        "Robot.Policy.Entropy.mean": {
            "value": 1.137397289276123,
            "min": 1.137397289276123,
            "max": 1.4185404777526855,
            "count": 290
        },
        "Robot.Policy.Entropy.sum": {
            "value": 34090.0703125,
            "min": 33588.5625,
            "max": 42567.5625,
            "count": 290
        },
        "Robot.Environment.EpisodeLength.mean": {
            "value": 170.4742857142857,
            "min": 4.224834552420759,
            "max": 224.71428571428572,
            "count": 290
        },
        "Robot.Environment.EpisodeLength.sum": {
            "value": 29833.0,
            "min": 24259.0,
            "max": 30922.0,
            "count": 290
        },
        "Robot.Step.mean": {
            "value": 8699950.0,
            "min": 29999.0,
            "max": 8699950.0,
            "count": 290
        },
        "Robot.Step.sum": {
            "value": 8699950.0,
            "min": 29999.0,
            "max": 8699950.0,
            "count": 290
        },
        "Robot.Policy.ExtrinsicValueEstimate.mean": {
            "value": 45.62392807006836,
            "min": 0.6588255167007446,
            "max": 55.08205032348633,
            "count": 290
        },
        "Robot.Policy.ExtrinsicValueEstimate.sum": {
            "value": 7984.1875,
            "min": 3782.317138671875,
            "max": 17855.95703125,
            "count": 290
        },
        "Robot.Environment.CumulativeReward.mean": {
            "value": 107.21799466269357,
            "min": 4.729241724598596,
            "max": 139.69156631065982,
            "count": 290
        },
        "Robot.Environment.CumulativeReward.sum": {
            "value": 18763.149065971375,
            "min": 14772.48655116558,
            "max": 27799.85871770978,
            "count": 290
        },
        "Robot.Policy.ExtrinsicReward.mean": {
            "value": 107.21799466269357,
            "min": 4.729241724598596,
            "max": 139.69156631065982,
            "count": 290
        },
        "Robot.Policy.ExtrinsicReward.sum": {
            "value": 18763.149065971375,
            "min": 14772.48655116558,
            "max": 27799.85871770978,
            "count": 290
        },
        "Robot.Losses.PolicyLoss.mean": {
            "value": 0.01652270721970126,
            "min": 0.010775610292330384,
            "max": 0.023137195012532176,
            "count": 290
        },
        "Robot.Losses.PolicyLoss.sum": {
            "value": 0.01652270721970126,
            "min": 0.010775610292330384,
            "max": 0.04206634403284018,
            "count": 290
        },
        "Robot.Losses.ValueLoss.mean": {
            "value": 146.3048095703125,
            "min": 11.975617758433025,
            "max": 191.2769266764323,
            "count": 290
        },
        "Robot.Losses.ValueLoss.sum": {
            "value": 146.3048095703125,
            "min": 11.975617758433025,
            "max": 382.5538533528646,
            "count": 290
        },
        "Robot.Policy.LearningRate.mean": {
            "value": 3.940244686588002e-05,
            "min": 3.940244686588002e-05,
            "max": 0.00029938554020481994,
            "count": 290
        },
        "Robot.Policy.LearningRate.sum": {
            "value": 3.940244686588002e-05,
            "min": 3.940244686588002e-05,
            "max": 0.0005956978814340399,
            "count": 290
        },
        "Robot.Policy.Epsilon.mean": {
            "value": 0.11313411999999996,
            "min": 0.11313411999999996,
            "max": 0.19979518,
            "count": 290
        },
        "Robot.Policy.Epsilon.sum": {
            "value": 0.11313411999999996,
            "min": 0.11313411999999996,
            "max": 0.39856596,
            "count": 290
        },
        "Robot.Policy.Beta.mean": {
            "value": 0.0006653925880000004,
            "min": 0.0006653925880000004,
            "max": 0.0049897794819999996,
            "count": 290
        },
        "Robot.Policy.Beta.sum": {
            "value": 0.0006653925880000004,
            "min": 0.0006653925880000004,
            "max": 0.009928441404,
            "count": 290
        },
        "Robot.IsTraining.mean": {
            "value": 1.0,
            "min": 1.0,
            "max": 1.0,
            "count": 290
        },
        "Robot.IsTraining.sum": {
            "value": 1.0,
            "min": 1.0,
            "max": 1.0,
            "count": 290
        }
    },
    "metadata": {
        "timer_format_version": "0.1.0",
        "start_time_seconds": "1717196734",
        "python_version": "3.8.10 (default, Nov 22 2023, 10:22:35) \n[GCC 9.4.0]",
        "command_line_arguments": "/home/ubuntu/ml-venv/ml-venv/bin/mlagents-learn config/ppo/Robot.yaml --run-id=Robot09",
        "mlagents_version": "0.28.0",
        "mlagents_envs_version": "0.28.0",
        "communication_protocol_version": "1.5.0",
        "pytorch_version": "1.8.1+cu111",
        "numpy_version": "1.20.0",
        "end_time_seconds": "1717241610"
    },
    "total": 44875.922526600996,
    "count": 1,
    "self": 10.002009499999986,
    "children": {
        "run_training.setup": {
            "total": 0.006632039999999506,
            "count": 1,
            "self": 0.006632039999999506
        },
        "TrainerController.start_learning": {
            "total": 44865.913885060996,
            "count": 1,
            "self": 18.97885958186089,
            "children": {
                "TrainerController._reset_env": {
                    "total": 6.372322671999996,
                    "count": 1,
                    "self": 6.372322671999996
                },
                "TrainerController.advance": {
                    "total": 44840.50969615613,
                    "count": 2219572,
                    "self": 19.155236184691603,
                    "children": {
                        "env_step": {
                            "total": 44043.6147253897,
                            "count": 2219572,
                            "self": 40515.48597509798,
                            "children": {
                                "SubprocessEnvManager._take_step": {
                                    "total": 3515.621838069165,
                                    "count": 2219572,
                                    "self": 60.65454626250539,
                                    "children": {
                                        "TorchPolicy.evaluate": {
                                            "total": 3454.9672918066594,
                                            "count": 2178285,
                                            "self": 2731.434547159317,
                                            "children": {
                                                "TorchPolicy.sample_actions": {
                                                    "total": 723.5327446473423,
                                                    "count": 2178285,
                                                    "self": 723.5327446473423
                                                }
                                            }
                                        }
                                    }
                                },
                                "workers": {
                                    "total": 12.506912222552444,
                                    "count": 2219571,
                                    "self": 0.0,
                                    "children": {
                                        "worker_root": {
                                            "total": 44841.03127361041,
                                            "count": 2219571,
                                            "is_parallel": true,
                                            "self": 5145.439080286902,