{
    "name": "root",
    "gauges": {
        "Robot.Policy.Entropy.mean": {
            "value": 0.8686978220939636,
            "min": 0.8686978220939636,
            "max": 1.418643593788147,
            "count": 1000
        },
        "Robot.Policy.Entropy.sum": {
            "value": 25786.42578125,
            "min": 25178.4296875,
            "max": 42486.5546875,
            "count": 1000
        },
        "Robot.Environment.LessonNumber.max_Speed.mean": {
            "value": 2.0,
            "min": 0.0,
            "max": 2.0,
            "count": 1000
        },
        "Robot.Environment.LessonNumber.max_Speed.sum": {
            "value": 2.0,
            "min": 0.0,
            "max": 2.0,
            "count": 1000
        },
        "Robot.Environment.EpisodeLength.mean": {
            "value": 247.96666666666667,
            "min": 5.6395839190328925,
            "max": 358.2289156626506,
            "count": 1000
        },
        "Robot.Environment.EpisodeLength.sum": {
            "value": 29756.0,
            "min": 20060.0,
            "max": 31590.0,
            "count": 1000
        },
        "Robot.Step.mean": {
            "value": 29999880.0,
            "min": 29997.0,
            "max": 29999880.0,
            "count": 1000
        },
        "Robot.Step.sum": {
            "value": 29999880.0,
            "min": 29997.0,
            "max": 29999880.0,
            "count": 1000
        },
        "Robot.Policy.ExtrinsicValueEstimate.mean": {
            "value": 68.83212280273438,
            "min": 0.4434339106082916,
            "max": 71.36100769042969,
            "count": 1000
        },
        "Robot.Policy.ExtrinsicValueEstimate.sum": {
            "value": 8259.8544921875,
            "min": 1576.8509521484375,
            "max": 16417.529296875,
            "count": 1000
        },
        "Robot.Environment.CumulativeReward.mean": {
            "value": 188.77255217234293,
            "min": 7.658183902535583,
            "max": 213.13093664305552,
            "count": 1000
        },
        "Robot.Environment.CumulativeReward.sum": {
            "value": 22652.706260681152,
            "min": 13830.085475444794,
            "max": 35204.37069916725,
            "count": 1000
        },
        "Robot.Policy.ExtrinsicReward.mean": {
            "value": 188.77255217234293,
            "min": 7.658183902535583,
            "max": 213.13093664305552,
            "count": 1000
        },
        "Robot.Policy.ExtrinsicReward.sum": {
            "value": 22652.706260681152,
            "min": 13830.085475444794,
            "max": 35204.37069916725,
            "count": 1000
        },
        "Robot.Losses.PolicyLoss.mean": {
            "value": 0.021839499997440726,
            "min": 0.011521424918222086,
            "max": 0.023781205884491403,
            "count": 1000
        },
        "Robot.Losses.PolicyLoss.sum": {
            "value": 0.021839499997440726,
            "min": 0.011521424918222086,
            "max": 0.044195799678467054,
            "count": 1000
        },
        "Robot.Losses.ValueLoss.mean": {
            "value": 208.40174102783203,
            "min": 14.625054581960041,
            "max": 244.62051645914713,
            "count": 1000
        },
        "Robot.Losses.ValueLoss.sum": {
            "value": 208.40174102783203,
            "min": 14.625054581960041,
            "max": 449.58497517903646,
            "count": 1000
        },
        "Robot.Policy.LearningRate.mean": {
            "value": 1.1291996239333571e-07,
            "min": 1.1291996239333571e-07,
            "max": 0.00029973126008957994,
            "count": 1000
        },
        "Robot.Policy.LearningRate.sum": {
            "value": 1.1291996239333571e-07,
            "min": 1.1291996239333571e-07,
            "max": 0.00059843838052054,
            "count": 1000
        },
        "Robot.Policy.Epsilon.mean": {
            "value": 0.10003760666666665,
            "min": 0.10003760666666665,
            "max": 0.19991042000000003,
            "count": 1000
        },
        "Robot.Policy.Epsilon.sum": {
            "value": 0.10003760666666665,
            "min": 0.10003760666666665,
            "max": 0.3994794600000001,
            "count": 1000
        },
        "Robot.Policy.Beta.mean": {
            "value": 1.1876572666666708e-05,
            "min": 1.1876572666666708e-05,
            "max": 0.004995529958000001,
            "count": 1000
        },
        "Robot.Policy.Beta.sum": {
            "value": 1.1876572666666708e-05,
            "min": 1.1876572666666708e-05,
            "max": 0.009974025054,
            "count": 1000
        },
        "Robot.IsTraining.mean": {
            "value": 1.0,
            "min": 1.0,
            "max": 1.0,
            "count": 1000
        },
        "Robot.IsTraining.sum": {
            "value": 1.0,
            "min": 1.0,
            "max": 1.0,
            "count": 1000
        }
    },
    "metadata": {
        "timer_format_version": "0.1.0",
        "start_time_seconds": "1717827447",
        "python_version": "3.8.10 (default, Nov 22 2023, 10:22:35) \n[GCC 9.4.0]",
        "command_line_arguments": "/home/ubuntu/ml-venv/ml-venv/bin/mlagents-learn config/ppo/Robot_curriculum.yaml --run-id=Robot17 --resume",
        "mlagents_version": "0.28.0",
        "mlagents_envs_version": "0.28.0",
        "communication_protocol_version": "1.5.0",
        "pytorch_version": "1.8.1+cu111",
        "numpy_version": "1.20.0",
        "end_time_seconds": "1717913613"
    },
    "total": 86165.999321329,
    "count": 1,
    "self": 0.02146889199502766,
    "children": {
        "run_training.setup": {
            "total": 0.0072798579931259155,
            "count": 1,
            "self": 0.0072798579931259155
        },
        "TrainerController.start_learning": {
            "total": 86165.97057257901,
            "count": 1,
            "self": 85.70957402410568,
            "children": {
                "TrainerController._reset_env": {
                    "total": 11.900126657012152,
                    "count": 1,
                    "self": 11.900126657012152
                },
                "TrainerController.advance": {
                    "total": 86068.31910445791,
                    "count": 7498413,
                    "self": 90.19403948349645,
                    "children": {
                        "env_step": {
                            "total": 83319.75942500724,
                            "count": 7498413,
                            "self": 64893.73160364863,
                            "children": {
                                "SubprocessEnvManager._take_step": {
                                    "total": 18388.233956561744,
                                    "count": 7498413,
                                    "self": 195.49796484882245,
                                    "children": {
                                        "TorchPolicy.evaluate": {
                                            "total": 18192.73599171292,
                                            "count": 7498413,
                                            "self": 15833.156568279257,
                                            "children": {
                                                "TorchPolicy.sample_actions": {
                                                    "total": 2359.5794234336645,
                                                    "count": 7498413,
                                                    "self": 2359.5794234336645
                                                }
                                            }
                                        }
                                    }
                                },
                                "workers": {
                                    "total": 37.79386479686946,
                                    "count": 7498413,