{
    "name": "root",
    "gauges": {
        "Robot.Policy.Entropy.mean": {
            "value": 1.188130259513855,
            "min": 1.188130259513855,
            "max": 1.1898224353790283,
            "count": 3
        },
        "Robot.Policy.Entropy.sum": {
            "value": 35661.73046875,
            "min": 19839.099609375,
            "max": 35696.59765625,
            "count": 3
        },
        "Robot.Environment.LessonNumber.max_Speed.mean": {
            "value": 0.0,
            "min": 0.0,
            "max": 0.0,
            "count": 3
        },
        "Robot.Environment.LessonNumber.max_Speed.sum": {
            "value": 0.0,
            "min": 0.0,
            "max": 0.0,
            "count": 3
        },
        "Robot.Environment.EpisodeLength.mean": {
            "value": 176.60355029585799,
            "min": 151.9724770642202,
            "max": 186.59375,
            "count": 3
        },
        "Robot.Environment.EpisodeLength.sum": {
            "value": 29846.0,
            "min": 16565.0,
            "max": 29855.0,
            "count": 3
        },
        "Robot.Step.mean": {
            "value": 8819979.0,
            "min": 8759987.0,
            "max": 8819979.0,
            "count": 3
        },
        "Robot.Step.sum": {
            "value": 8819979.0,
            "min": 8759987.0,
            "max": 8819979.0,
            "count": 3
        },
        "Robot.Policy.ExtrinsicValueEstimate.mean": {
            "value": 37.37398147583008,
            "min": 31.197067260742188,
            "max": 37.885650634765625,
            "count": 3
        },
        "Robot.Policy.ExtrinsicValueEstimate.sum": {
            "value": 6278.82861328125,
            "min": 3369.283203125,
            "max": 6278.82861328125,
            "count": 3
        },
        "Robot.Environment.CumulativeReward.mean": {
            "value": 91.68971772669326,
            "min": 67.97904106271102,
            "max": 99.64795993962004,
            "count": 3
        },
        "Robot.Environment.CumulativeReward.sum": {
            "value": 15403.872578084469,
            "min": 7341.736434772791,
            "max": 15844.025630399585,
            "count": 3
        },
        "Robot.Policy.ExtrinsicReward.mean": {
            "value": 91.68971772669326,
            "min": 67.97904106271102,
            "max": 99.64795993962004,
            "count": 3
        },
        "Robot.Policy.ExtrinsicReward.sum": {
            "value": 15403.872578084469,
            "min": 7341.736434772791,
            "max": 15844.025630399585,
            "count": 3
        },
        "Robot.IsTraining.mean": {
            "value": 1.0,
            "min": 1.0,
            "max": 1.0,
            "count": 3
        },
        "Robot.IsTraining.sum": {
            "value": 1.0,
            "min": 1.0,
            "max": 1.0,
            "count": 3
        },
        "Robot.Losses.PolicyLoss.mean": {
            "value": 0.014413095437642671,
            "min": 0.014413095437642671,
            "max": 0.019706666565616614,
            "count": 2
        },
        "Robot.Losses.PolicyLoss.sum": {
            "value": 0.014413095437642671,
            "min": 0.014413095437642671,
            "max": 0.03941333313123323,
            "count": 2
        },
        "Robot.Losses.ValueLoss.mean": {
            "value": 105.8990084330241,
            "min": 105.8990084330241,
            "max": 107.22065213521321,
            "count": 2
        },
        "Robot.Losses.ValueLoss.sum": {
            "value": 105.8990084330241,
            "min": 105.8990084330241,
            "max": 214.44130427042643,
            "count": 2
        },
        "Robot.Policy.LearningRate.mean": {
            "value": 0.00024716796561068393,
            "min": 0.00024716796561068393,
            "max": 0.00024735284954905594,
            "count": 2
        },
        "Robot.Policy.LearningRate.sum": {
            "value": 0.00024716796561068393,
            "min": 0.00024716796561068393,
            "max": 0.0004947056990981119,
            "count": 2
        },
        "Robot.Policy.Epsilon.mean": {
            "value": 0.18238931600000002,
            "min": 0.18238931600000002,
            "max": 0.18245094400000006,
            "count": 2
        },
        "Robot.Policy.Epsilon.sum": {
            "value": 0.18238931600000002,
            "min": 0.18238931600000002,
            "max": 0.3649018880000001,
            "count": 2
        },
        "Robot.Policy.Beta.mean": {
            "value": 0.004121226868399999,
            "min": 0.004121226868399999,
            "max": 0.004124302105599999,
            "count": 2
        },
        "Robot.Policy.Beta.sum": {
            "value": 0.004121226868399999,
            "min": 0.004121226868399999,
            "max": 0.008248604211199998,
            "count": 2
        }
    },
    "metadata": {
        "timer_format_version": "0.1.0",
        "start_time_seconds": "1718471165",
        "python_version": "3.8.10 (default, Nov 22 2023, 10:22:35) \n[GCC 9.4.0]",
        "command_line_arguments": "/home/ubuntu/ml-venv/ml-venv/bin/mlagents-learn config/ppo/Robot_curriculum.yaml --run-id=Robot21 --resume",
        "mlagents_version": "0.28.0",
        "mlagents_envs_version": "0.28.0",
        "communication_protocol_version": "1.5.0",
        "pytorch_version": "1.8.1+cu111",
        "numpy_version": "1.20.0",
        "end_time_seconds": "1718471591"
    },
    "total": 426.0260717420024,
    "count": 1,
    "self": 0.007538564037531614,
    "children": {
        "run_training.setup": {
            "total": 0.007722829002887011,
            "count": 1,
            "self": 0.007722829002887011
        },
        "TrainerController.start_learning": {
            "total": 426.01081034896197,
            "count": 1,
            "self": 0.3638280381564982,
            "children": {
                "TrainerController._reset_env": {
                    "total": 5.532285096007399,
                    "count": 1,
                    "self": 5.532285096007399
                },
                "TrainerController.advance": {
                    "total": 420.0503298048279,
                    "count": 31689,
                    "self": 0.3507805595872924,
                    "children": {
                        "env_step": {
                            "total": 413.58880174322985,
                            "count": 31689,
                            "self": 334.7327772252029,
                            "children": {
                                "SubprocessEnvManager._take_step": {
                                    "total": 78.70173655223334,
                                    "count": 31689,
                                    "self": 0.799265404115431,
                                    "children": {
                                        "TorchPolicy.evaluate": {
                                            "total": 77.90247114811791,
                                            "count": 31689,
                                            "self": 68.01976817287505,
                                            "children": {
                                                "TorchPolicy.sample_actions": {
                                                    "total": 9.882702975242864,
                                                    "count": 31689,
                                                    "self": 9.882702975242864
                                                }
                                            }
                                        }
                                    }
                                },
                                "workers": {
                                    "total": 0.15428796579362825,
                                    "count": 31688,
                                    "self": 0.0,